Hora,Precio
1,0.09151
2,0.09402
3,0.09571
4,0.09494
5,0.09517
6,0.09438
7,0.09343
8,0.09265
9,0.08963
10,0.08415
11,0.07765
12,0.07165
13,0.0693
14,0.06982
15,0.06897
16,0.06762
17,0.07298
18,0.08434
19,0.10751
20,0.12783
21,0.11863
22,0.11465
23,0.1134
24,0.11604